num_vols	                        d_vols	                               cap_vols	                   dest 
	  '47'     		        '2000-01-01T00:00:00'               		       '500'           		          'HJGH'    


	  '500'     		        '2000-01-04T00:00:00'               		       '1000'           		          'HJGHH'    


	  '1100'     		        '2000-01-01T00:00:00'               		       '1111'           		          'JG'    


	  '111'     		        '2000-01-04T00:00:00'               		       '999'           		          'JL??J'    


	  '548'     		        '2000-01-01T00:00:00'               		       '300'           		          'efrvf'    


num_vols	                        d_vols	                               cap_vols	                   dest 
	  '47'     		        '2000-01-01T00:00:00'               		       '500'           		          'HJGH'    


	  '1100'     		        '2000-01-01T00:00:00'               		       '1111'           		          'JG'    


	  '111'     		        '2000-01-04T00:00:00'               		       '999'           		          'JL??J'    


	  '548'     		        '2000-01-01T00:00:00'               		       '300'           		          'efrvf'    


	  '54'     		        '2000-01-01T00:00:00'               		       '50'           		          'dc'    


